{"cameraMode":{"drawMode":0,"name":"Shaded","section":"Shading Mode"},"sceneLighting":false,"audioPlay":false,"sceneViewState":{"showFog":true,"showMaterialUpdate":false,"showSkybox":false,"showFlares":true,"showImageEffects":true,"showParticleSystems":true},"in2DMode":false,"pivot":{"x":35.43788528442383,"y":0.0,"z":-4.779999732971191},"rotation":{"x":-0.0002595593687146902,"y":-0.9759802222251892,"z":-0.0011605864856392146,"w":0.2178446650505066},"size":7.071110248565674,"orthographic":false}