{"cameraMode":{"drawMode":0,"name":"Shaded","section":"Shading Mode"},"sceneLighting":false,"audioPlay":false,"sceneViewState":{"showFog":true,"showMaterialUpdate":false,"showSkybox":false,"showFlares":true,"showImageEffects":true,"showParticleSystems":true},"in2DMode":false,"pivot":{"x":-4.001947402954102,"y":0.6679199934005737,"z":9.387454986572266},"rotation":{"x":-0.0002595593687146902,"y":-0.9759802222251892,"z":-0.0011605864856392146,"w":0.2178446650505066},"size":16.336130142211915,"orthographic":false}