{"cameraMode":{"drawMode":0,"name":"Shaded","section":"Shading Mode"},"sceneLighting":false,"audioPlay":false,"sceneViewState":{"showFog":true,"showMaterialUpdate":false,"showSkybox":false,"showFlares":true,"showImageEffects":true,"showParticleSystems":true},"in2DMode":false,"pivot":{"x":-4.306509971618652,"y":2.445138454437256,"z":-21.562593460083009},"rotation":{"x":0.000043870277295354754,"y":-0.9999151825904846,"z":0.012310315854847432,"w":0.003605965059250593},"size":6.437633991241455,"orthographic":false}