{"cameraMode":{"drawMode":0,"name":"Shaded","section":"Shading Mode"},"sceneLighting":false,"audioPlay":false,"sceneViewState":{"showFog":true,"showMaterialUpdate":false,"showSkybox":false,"showFlares":true,"showImageEffects":true,"showParticleSystems":true},"in2DMode":false,"pivot":{"x":39.29133605957031,"y":3.4941139221191408,"z":23.94048309326172},"rotation":{"x":0.12113703787326813,"y":-0.228623628616333,"z":0.028683578595519067,"w":0.9655225276947022},"size":13.788780212402344,"orthographic":false}