{"cameraMode":{"drawMode":0,"name":"Shaded","section":"Shading Mode"},"sceneLighting":false,"audioPlay":false,"sceneViewState":{"showFog":true,"showMaterialUpdate":false,"showSkybox":false,"showFlares":true,"showImageEffects":true,"showParticleSystems":true},"in2DMode":false,"pivot":{"x":-0.8547306060791016,"y":0.816565752029419,"z":62.811981201171878},"rotation":{"x":-0.0002595593687146902,"y":-0.9759802222251892,"z":-0.0011605864856392146,"w":0.2178446650505066},"size":12.864485740661621,"orthographic":false}