{"cameraMode":{"drawMode":0,"name":"Shaded","section":"Shading Mode"},"sceneLighting":true,"audioPlay":false,"sceneViewState":{"showFog":true,"showMaterialUpdate":false,"showSkybox":true,"showFlares":true,"showImageEffects":true,"showParticleSystems":true},"in2DMode":false,"pivot":{"x":1794.266845703125,"y":278.53656005859377,"z":-491.53955078125},"rotation":{"x":-0.013660726137459278,"y":0.9820743203163147,"z":-0.07854586094617844,"w":-0.17080385982990266},"size":1696.697509765625,"orthographic":false}